-- MySQL dump 10.13  Distrib 9.4.0, for Win64 (x86_64)
--
-- Host: localhost    Database: voyager_database
-- ------------------------------------------------------
-- Server version	9.4.0-commercial

/*!40101 SET @OLD_CHARACTER_SET_CLIENT=@@CHARACTER_SET_CLIENT */;
/*!40101 SET @OLD_CHARACTER_SET_RESULTS=@@CHARACTER_SET_RESULTS */;
/*!40101 SET @OLD_COLLATION_CONNECTION=@@COLLATION_CONNECTION */;
/*!50503 SET NAMES utf8mb4 */;
/*!40103 SET @OLD_TIME_ZONE=@@TIME_ZONE */;
/*!40103 SET TIME_ZONE='+00:00' */;
/*!40014 SET @OLD_UNIQUE_CHECKS=@@UNIQUE_CHECKS, UNIQUE_CHECKS=0 */;
/*!40014 SET @OLD_FOREIGN_KEY_CHECKS=@@FOREIGN_KEY_CHECKS, FOREIGN_KEY_CHECKS=0 */;
/*!40101 SET @OLD_SQL_MODE=@@SQL_MODE, SQL_MODE='NO_AUTO_VALUE_ON_ZERO' */;
/*!40111 SET @OLD_SQL_NOTES=@@SQL_NOTES, SQL_NOTES=0 */;

--
-- Table structure for table `shipcompartments`
--

DROP TABLE IF EXISTS `shipcompartments`;
/*!40101 SET @saved_cs_client     = @@character_set_client */;
/*!50503 SET character_set_client = utf8mb4 */;
CREATE TABLE `shipcompartments` (
  `CompartmentID` varchar(10) NOT NULL,
  `CompartmentName` varchar(100) NOT NULL,
  `CompartmentDesignation` varchar(50) DEFAULT NULL,
  PRIMARY KEY (`CompartmentID`)
) ENGINE=InnoDB DEFAULT CHARSET=utf8mb4 COLLATE=utf8mb4_0900_ai_ci;
/*!40101 SET character_set_client = @saved_cs_client */;

--
-- Dumping data for table `shipcompartments`
--

LOCK TABLES `shipcompartments` WRITE;
/*!40000 ALTER TABLE `shipcompartments` DISABLE KEYS */;
INSERT INTO `shipcompartments` VALUES ('1-001-0','Bridge','Bridge'),('1-020-1','Captain\'s Ready Room','Command Office'),('1-030-2','Captain\'s Quarters','Capt Quarters'),('1-040-1','Turbolift Access','Transit Node'),('1-050-0','Main Corridor','Passageway'),('1-060-3','Security Office','Security'),('1-070-2','Briefing Room','Command Support'),('1-080-1','Observation Alcove','Recreation'),('1-090-0','Data Core Access','Systems Node'),('10-010-0','Main Corridor','Passageway'),('10-020-1','Engineering Core','Engineering'),('10-030-2','Jefferies Tube Access A','Maintenance'),('10-030-4','Jefferies Tube Access B','Maintenance'),('10-040-1','Power Systems Node A','Systems'),('10-040-3','Power Systems Node B','Systems'),('10-050-0','Turbolift Access','Transit Node'),('11-010-0','Main Corridor','Passageway'),('11-020-1','Shuttlebay Control','Shuttlebay'),('11-030-0','Main Shuttle Bay','Landing/Launch Bay'),('11-030-2','Shuttlebay Prep Room','Field Gear'),('11-030-4','Auxiliary Systems Node','Systems'),('11-040-1','Storage Compartment C','Utility'),('11-050-0','Turbolift Access','Transit Node'),('12-010-0','Main Corridor','Passageway'),('12-020-1','Cargo Bay 1','Cargo Bay'),('12-020-3','Cargo Bay 2','Cargo Bay'),('12-030-2','Environmental Control Node A','Systems'),('12-030-4','Environmental Control Node B','Systems'),('12-040-1','Heavy Storage A','Utility'),('12-040-3','Heavy Storage B','Utility'),('12-050-0','Turbolift Access','Transit Node'),('13-010-0','Main Corridor','Passageway'),('13-020-1','Jefferies Tube Access C','Maintenance'),('13-020-3','Jefferies Tube Access D','Maintenance'),('13-030-2','Emergency Systems Node A','Systems'),('13-030-4','Emergency Systems Node B','Systems'),('13-040-1','Structural Access Node A','Engineering Support'),('13-040-3','Structural Access Node B','Engineering Support'),('13-050-0','Turbolift Access','Transit Node'),('14-010-0','Main Corridor','Passageway'),('14-020-1','Shield Grid Access A','Systems'),('14-020-3','Shield Grid Access B','Systems'),('14-030-2','Environmental Backup Node A','Systems'),('14-030-4','Environmental Backup Node B','Systems'),('14-040-1','Structural Reinforcement Node A','Engineering Support'),('14-040-3','Structural Reinforcement Node B','Engineering Support'),('14-050-0','Turbolift Access','Transit Node'),('15-010-0','Main Corridor','Passageway'),('15-020-1','Sensor Array Node A','Systems'),('15-020-3','Sensor Array Node B','Systems'),('15-030-2','Tactical Systems Node A','Tactical'),('15-030-4','Tactical Systems Node B','Tactical'),('15-040-1','Communications Relay Access','Systems'),('15-050-0','Turbolift Access','Transit Node'),('16-010-0','Main Corridor','Passageway'),('16-020-1','Structural Base Node A','Engineering Support'),('16-020-3','Structural Base Node B','Engineering Support'),('16-030-2','Emergency Ejection Control A','Emergency Systems'),('16-030-4','Emergency Ejection Control B','Emergency Systems'),('16-040-1','Hull Access Port A','Maintenance'),('16-040-3','Hull Access Port B','Maintenance'),('16-050-0','Turbolift Access','Transit Node'),('17-010-0','Maintenance Crawlway','Passageway'),('17-020-1','Sensor Pylon Node A','Systems'),('17-020-3','Sensor Pylon Node B','Systems'),('17-030-2','Landing Strut Control A','Engineering Support'),('17-030-4','Landing Strut Control B','Engineering Support'),('17-040-1','Auxiliary Power Conduit Access','Systems'),('17-050-0','Turbolift Maintenance Hatch','Transit Node'),('2-010-0','Main Corridor','Passageway'),('2-020-1','Mess Hall','Mess Decks'),('2-020-3','Mess Hall Extension','Mess Decks'),('2-030-2','Guest Quarters 1','Guest Quarters'),('2-030-4','Guest Quarters 2','Guest Quarters'),('2-040-1','Crew Lounge','Recreation'),('2-050-0','Turbolift Access','Transit Node'),('2-060-2','Storage Alcove','Utility'),('3-010-0','Main Corridor','Passageway'),('3-020-1','Senior Officer Quarters 1','Senior Quarters'),('3-020-3','Senior Officer Quarters 2','Senior Quarters'),('3-030-2','Senior Officer Quarters 3','Senior Quarters'),('3-030-4','Senior Officer Quarters 4','Senior Quarters'),('3-040-1','Private Quarters 1','Crew Quarters'),('3-040-3','Private Quarters 2','Crew Quarters'),('3-050-2','Private Quarters 3','Crew Quarters'),('3-050-4','Private Quarters 4','Crew Quarters'),('3-060-0','Turbolift Access','Transit Node'),('4-010-0','Main Corridor','Passageway'),('4-020-1','Junior Officer Quarters A','Junior Quarters'),('4-020-3','Junior Officer Quarters B','Junior Quarters'),('4-030-2','Enlisted Quarters A','Enlisted Quarters'),('4-030-4','Enlisted Quarters B','Enlisted Quarters'),('4-040-1','Enlisted Quarters C','Enlisted Quarters'),('4-040-3','Enlisted Quarters D','Enlisted Quarters'),('4-050-0','Corridor Replicator Node','Utility'),('4-050-1','Transporter Room 1','Transporter'),('4-050-2','Transporter Room 2','Transporter'),('4-060-2','Turbolift Access','Transit Node'),('5-010-0','Main Corridor','Passageway'),('5-020-1','Sickbay','Medical'),('5-030-2','Medical Lab A','Medical'),('5-030-4','Medical Lab B','Medical'),('5-040-1','Enlisted Quarters E','Enlisted Quarters'),('5-040-3','Enlisted Quarters F','Enlisted Quarters'),('5-050-2','Enlisted Quarters G','Enlisted Quarters'),('5-050-4','Enlisted Quarters H','Enlisted Quarters'),('5-060-0','Turbolift Access','Transit Node'),('6-010-0','Main Corridor','Passageway'),('6-020-1','Holodeck 1','Hologrid'),('6-020-3','Holodeck 2','Hologrid'),('6-030-2','Crew Lounge','Recreation'),('6-040-1','Observation Alcove','Recreation'),('6-050-0','Turbolift Access','Transit Node'),('7-010-0','Main Corridor','Passageway'),('7-020-1','Science Lab A','Science'),('7-020-3','Science Lab B','Science'),('7-030-2','Junior Crew Quarters A','Junior Quarters'),('7-030-4','Junior Crew Quarters B','Junior Quarters'),('7-040-1','Junior Crew Quarters C','Junior Quarters'),('7-040-3','Junior Crew Quarters D','Junior Quarters'),('7-050-0','Turbolift Access','Transit Node'),('8-010-0','Main Corridor','Passageway'),('8-020-1','Astrometrics Lab','Science'),('8-030-2','Science Lab C','Science'),('8-030-4','Science Lab D','Science'),('8-040-1','Data Systems Node','Systems'),('8-050-0','Turbolift Access','Transit Node'),('9-010-0','Main Corridor','Passageway'),('9-020-1','Maintenance Bay A','Engineering Support'),('9-020-3','Maintenance Bay B','Engineering Support'),('9-030-2','Storage Compartment A','Utility'),('9-030-4','Storage Compartment B','Utility'),('9-040-1','Engineering Prep Room','Engineering Support'),('9-050-0','Turbolift Access','Transit Node');
/*!40000 ALTER TABLE `shipcompartments` ENABLE KEYS */;
UNLOCK TABLES;

--
-- Table structure for table `crew`
--

DROP TABLE IF EXISTS `crew`;
/*!40101 SET @saved_cs_client     = @@character_set_client */;
/*!50503 SET character_set_client = utf8mb4 */;
CREATE TABLE `crew` (
  `crew_id` int NOT NULL AUTO_INCREMENT,
  `first_name` varchar(50) NOT NULL,
  `last_name` varchar(50) NOT NULL,
  `crew_rank` varchar(30) DEFAULT NULL,
  `birth_stardate` double DEFAULT NULL,
  `planet_of_origin` varchar(50) DEFAULT NULL,
  `species` varchar(50) DEFAULT NULL,
  `crew_designation` enum('StarFleet','Maquis','Civilian') NOT NULL,
  `service_number` varchar(20) DEFAULT NULL,
  `department_id` int DEFAULT NULL,
  PRIMARY KEY (`crew_id`),
  KEY `department_id` (`department_id`),
  CONSTRAINT `crew_ibfk_1` FOREIGN KEY (`department_id`) REFERENCES `departments` (`department_id`)
) ENGINE=InnoDB AUTO_INCREMENT=168 DEFAULT CHARSET=utf8mb4 COLLATE=utf8mb4_0900_ai_ci;
/*!40101 SET character_set_client = @saved_cs_client */;

--
-- Dumping data for table `crew`
--

LOCK TABLES `crew` WRITE;
/*!40000 ALTER TABLE `crew` DISABLE KEYS */;
INSERT INTO `crew` VALUES (1,'Joe','Carey','Lieutenant JG',12514.22,'Earth','Human','StarFleet','47-alpha-1104',3),(2,'Pablo','Baytart','Crewman',23045.11,'Earth','Human','StarFleet','47-alpha-1007',3),(3,'Walter','Baxter','Ensign',13002.54,'Earth','Human','StarFleet','47-alpha-1131',4),(4,'Kurt','Bandera','Crewman',22989.31,'Earth','Human','Maquis','47-alpha-1012',3),(5,'Lilian','Andersen','Ensign',13255.99,'Earth','Human','StarFleet','47-alpha-1090',6),(6,'Freddy','Bristow','Ensign',12783.44,'Earth','Human','StarFleet','47-alpha-1024',1),(7,'Doug','Bronowsky','Crewman',12891.66,'Earth','Human','StarFleet','47-alpha-1142',2),(8,'Samantha','Brooks','Crewman',13120,'Earth','Human','StarFleet','47-alpha-1030',3),(9,'Cameron','Ashmore','Crewman',12955.23,'Earth','Human','StarFleet','47-alpha-1120',4),(10,'Tanya','Ayala','Lieutenant',12498.78,'Earth','Human','StarFleet','47-alpha-1083',5),(11,'Lucas','Bennet','Lieutenant JG',12644.9,'Earth','Human','StarFleet','47-alpha-1119',6),(12,'Harold','Biggle','Lieutenant JG',13421.47,'Earth','Human','StarFleet','47-alpha-1077',1),(13,'Marcus','Blain','Ensign',13300.12,'Earth','Human','StarFleet','47-alpha-1041',2),(14,'Lydia','Ayala','Ensign',12510,'Earth','Human','StarFleet','47-alpha-1063',3),(15,'Derek','Bristow','Ensign',12800.56,'Earth','Human','StarFleet','47-alpha-1129',4),(16,'Karen','Seska','Ensign',22675.8,'Cardassia','Cardassian','Maquis','47-alpha-1017',5),(17,'Les','Foster','Crewman',12200,'Earth','Human','StarFleet','47-alpha-1102',6),(18,'Alexander','Munro','Crewman',13110.44,'Earth','Human','StarFleet','47-alpha-1136',1),(19,'Telsia','Murphy','Crewman',13145.78,'Earth','Human','StarFleet','47-alpha-1053',2),(20,'Austin','Chang','Lieutenant',12930.55,'Earth','Human','StarFleet','47-alpha-1009',3),(21,'Kendrick','Biessman','Lieutenant JG',12844.12,'Earth','Human','StarFleet','47-alpha-1038',4),(22,'Juliet','Jurot','Crewman',13077.99,'Betazed','Betazoid','StarFleet','47-alpha-1097',2),(23,'Patricia','Bruegl','Ensign',13315.3,'Earth','Human','StarFleet','47-alpha-1013',6),(24,'Lydia','Harcharic','Ensign',13290.1,'Earth','Human','StarFleet','47-alpha-1127',1),(25,'Elena','Capurro','Ensign',13155.25,'Earth','Human','StarFleet','47-alpha-1081',2),(26,'Miguel','Hernandez','Ensign',13170.85,'Earth','Human','StarFleet','47-alpha-1035',3),(27,'Angela','Chang','Crewman',13050.47,'Earth','Human','StarFleet','47-alpha-1068',4),(28,'Sarek','Peterson','Crewman',-3425,'Vulcan','Vulcan','StarFleet','47-alpha-1145',5),(29,'Joe','Hale','Lieutenant JG',12514.22,'Earth','Human','StarFleet','47-alpha-1072',3),(30,'Lydia','Bennett','Lieutenant',12644.9,'Earth','Human','StarFleet','47-alpha-1002',1),(31,'Harold','Trask','Lieutenant JG',13421.47,'Earth','Human','StarFleet','47-beta-1056',2),(32,'Marcus','Renford','Lieutenant JG',13300.12,'Earth','Human','StarFleet','47-beta-1108',3),(33,'Diana','Brooks','Ensign',13120,'Earth','Human','StarFleet','47-beta-1022',4),(34,'Cameron','Locke','Ensign',12955.23,'Earth','Human','StarFleet','47-beta-1130',5),(35,'Tanya','Serano','Ensign',12498.78,'Earth','Human','StarFleet','47-beta-1093',6),(36,'Freddy','Mallory','Ensign',12783.44,'Earth','Human','StarFleet','47-beta-1048',1),(37,'Doug','Rydell','Crewman',12891.66,'Earth','Human','StarFleet','47-beta-1122',2),(38,'Sarek','Taren','Crewman',-3425,'Vulcan','Vulcan','StarFleet','47-beta-1100',3),(39,'Juliet','Virel','Crewman',13077.99,'Betazed','Betazoid','StarFleet','47-beta-1032',2),(40,'Samantha','Wildman','Ensign',12988.33,'Earth','Human','StarFleet','47-beta-1010',2),(41,'Les','Foster','Lieutenant JG',12200,'Earth','Human','StarFleet','47-beta-1113',6),(42,'Alexander','Munro','Lieutenant JG',13110.44,'Earth','Human','StarFleet','47-beta-1138',1),(43,'Telsia','Murphy','Ensign',13145.78,'Earth','Human','StarFleet','47-beta-1050',2),(44,'Austin','Chang','Ensign',12930.55,'Earth','Human','StarFleet','47-beta-1107',3),(45,'Vorik','Vorik','Ensign',-4250,'Vulcan','Vulcan','StarFleet','47-beta-1071',3),(46,'Jenna','Harper','Ensign',13140.75,'Earth','Human','StarFleet','47-beta-1124',5),(47,'Jeffrey','Nelson','Crewman',13115.22,'Earth','Human','StarFleet','47-beta-1141',6),(48,'Michael','Jaworski','Crewman',13095.68,'Earth','Human','StarFleet','47-beta-1040',1),(49,'Elizabeth','Laird','Crewman',13205,'Earth','Human','StarFleet','47-beta-1096',2),(50,'Andrew','Ellis','Lieutenant',13060.1,'Earth','Human','StarFleet','47-beta-1028',3),(51,'Brian','Adams','Lieutenant JG',13010.22,'Earth','Human','StarFleet','47-beta-1111',4),(52,'Rachel','Baker','Lieutenant JG',12995.1,'Earth','Human','StarFleet','47-beta-1135',5),(53,'Thomas','Carter','Ensign',13045.55,'Earth','Human','StarFleet','47-beta-1043',6),(54,'Melissa','Dunham','Ensign',13060.88,'Earth','Human','StarFleet','47-beta-1089',1),(55,'Mark','Evans','Ensign',13020.77,'Earth','Human','StarFleet','47-beta-1140',2),(56,'Susan','Fletcher','Ensign',13005.12,'Earth','Human','StarFleet','47-beta-1019',3),(57,'Kenneth','Gibson','Crewman',12980.44,'Earth','Human','StarFleet','47-beta-1060',4),(58,'Linda','Henderson','Crewman',13090.55,'Earth','Human','StarFleet','47-beta-1125',5),(59,'Jose','Ibarra','Crewman',13015.99,'Earth','Human','StarFleet','47-beta-1031',6),(60,'Tara','Jacobs','Lieutenant',13050.22,'Earth','Human','StarFleet','47-beta-1004',1),(61,'Peter','Klein','Lieutenant JG',13005.33,'Earth','Human','StarFleet','47-gamma-1086',2),(62,'Angela','Lee','Lieutenant JG',13030.44,'Earth','Human','StarFleet','47-gamma-1118',3),(63,'David','Martin','Ensign',12995.77,'Earth','Human','StarFleet','47-gamma-1057',4),(64,'Quang','Nguyen','Ensign',13040.12,'Earth','Human','StarFleet','47-gamma-1101',5),(65,'Erica','Olsen','Ensign',13025.88,'Earth','Human','StarFleet','47-gamma-1123',6),(66,'Ronald','Peters','Ensign',12990.66,'Earth','Human','StarFleet','47-gamma-1046',1),(67,'Holly','Quinn','Crewman',13015.44,'Earth','Human','StarFleet','47-gamma-1075',2),(68,'Malcolm','Rivers','Crewman',13005.99,'Earth','Human','StarFleet','47-gamma-1033',3),(69,'Joanne','Simms','Crewman',13050.11,'Earth','Human','StarFleet','47-gamma-1114',4),(70,'Eric','Thompson','Lieutenant',13020.33,'Earth','Human','StarFleet','47-gamma-1067',5),(71,'Patricia','Underwood','Lieutenant JG',13030.55,'Earth','Human','StarFleet','47-gamma-1105',6),(72,'Luis','Vargas','Lieutenant JG',13005.22,'Earth','Human','StarFleet','47-gamma-1036',1),(73,'Diana','Wallace','Ensign',12985.77,'Earth','Human','StarFleet','47-gamma-1144',2),(74,'Lian','Xiang','Ensign',13040.88,'Earth','Human','StarFleet','47-gamma-1020',3),(75,'Nathan','Young','Ensign',13025.11,'Earth','Human','StarFleet','47-gamma-1133',4),(76,'Clara','Zimmerman','Ensign',13010.44,'Earth','Human','StarFleet','47-gamma-1061',5),(77,'Jason','Andrews','Crewman',12995.22,'Earth','Human','StarFleet','47-gamma-1044',6),(78,'Lydia','Marlow','Crewman',13015.88,'Earth','Human','StarFleet','47-gamma-1095',1),(79,'Gavin','Carlson','Crewman',13040.33,'Earth','Human','StarFleet','47-gamma-1139',2),(80,'Sofia','Diaz','Lieutenant',13005.55,'Earth','Human','StarFleet','47-gamma-1016',3),(81,'Trevor','Edwards','Lieutenant JG',13020.77,'Earth','Human','StarFleet','47-gamma-1080',4),(82,'Megan','Ferguson','Lieutenant JG',13030.44,'Earth','Human','StarFleet','47-gamma-1128',5),(83,'Luis','Gonzalez','Ensign',12990.66,'Earth','Human','StarFleet','47-gamma-1051',6),(84,'Tina','Harrison','Ensign',13005.33,'Earth','Human','StarFleet','47-gamma-1103',1),(85,'Colin','Irwin','Ensign',13025.88,'Earth','Human','StarFleet','47-gamma-1018',2),(86,'Nina','Jeffers','Ensign',13010.55,'Earth','Human','StarFleet','47-gamma-1073',3),(87,'Sean','Keller','Crewman',12995.44,'Earth','Human','StarFleet','47-gamma-1143',4),(88,'Cynthia','Lewis','Crewman',13015.22,'Earth','Human','StarFleet','47-gamma-1027',5),(89,'David','Morgan','Crewman',13040.66,'Earth','Human','StarFleet','47-gamma-1099',6),(90,'Emily','Norris','Lieutenant',13005.77,'Earth','Human','StarFleet','47-gamma-1042',1),(91,'Ryan','Owens','Lieutenant JG',13020.55,'Earth','Human','StarFleet','47-delta-1106',2),(92,'Samantha','Palmer','Lieutenant JG',13030.33,'Earth','Human','StarFleet','47-delta-1003',3),(93,'Luis','Quintero','Ensign',12990.88,'Earth','Human','StarFleet','47-delta-1137',4),(94,'Catherine','Reed','Ensign',13005.44,'Earth','Human','StarFleet','47-delta-1062',5),(95,'Kevin','Stone','Ensign',13025.55,'Earth','Human','StarFleet','47-delta-1087',6),(96,'Monica','Turner','Ensign',13010.33,'Earth','Human','StarFleet','47-delta-1110',1),(97,'Antonio','Vasquez','Crewman',12995.55,'Earth','Human','StarFleet','47-delta-1034',2),(98,'Jennifer','Williams','Crewman',13015.77,'Earth','Human','StarFleet','47-delta-1121',3),(99,'Janeway','Kathryn','Crewman',14500.12,'Earth','Human','StarFleet','47-delta-1011',4),(100,'Chakotay','Chakotay','Commander',14020.55,'Earth','Human','StarFleet','47-delta-1059',1),(101,'Tuvok','Tuvok','Lieutenant Commander',13050.33,'Vulcan','Vulcan','StarFleet','47-delta-1145',4),(102,'Torres','B\'Elanna','Lieutenant JG',13210.77,'Earth','Klingon-Human Hybrid','StarFleet','47-delta-1098',1),(103,'Kim','Harry','Ensign',12995.88,'Earth','Human','StarFleet','47-delta-1052',2),(104,'Paris','Tom','Ensign',13025.44,'Earth','Human','StarFleet','47-delta-1006',3),(105,'Lyndsay','Ballard','Ensign',13245.9,'Earth','Human','StarFleet','47-delta-1085',4),(128,'Brandon','Hughes','Crewman',13044.21,'Earth','Human','StarFleet','47-epsilon-1126',6),(129,'Alyssa','Turner','Crewman',12990.55,'Earth','Human','StarFleet','47-epsilon-1039',6),(130,'Derek','Patterson','Crewman',13102.77,'Earth','Human','StarFleet','47-epsilon-1109',6),(131,'Jasmine','Coleman','Crewman',13015.33,'Earth','Human','StarFleet','47-epsilon-1066',6),(132,'Ethan','Walters','Crewman',12999.11,'Earth','Human','StarFleet','47-epsilon-1014',6),(133,'Kayla','Simmons','Crewman',13120.44,'Earth','Human','StarFleet','47-epsilon-1094',6),(134,'Trevor','Bishop','Crewman',13087.62,'Earth','Human','StarFleet','47-epsilon-1132',6),(135,'Hannah','Brooks','Crewman',13011.45,'Earth','Human','StarFleet','47-epsilon-1005',6),(136,'Shawn','Fowler','Crewman',12988.34,'Earth','Human','StarFleet','47-epsilon-1116',6),(137,'Megan','Adler','Crewman',13066.12,'Earth','Human','StarFleet','47-epsilon-1029',6),(138,'Bryce','Keller','Crewman',13155.98,'Earth','Human','StarFleet','47-epsilon-1088',6),(139,'Taylor','Reynolds','Crewman',13002.31,'Earth','Human','StarFleet','47-epsilon-1079',6),(140,'Courtney','Hayes','Crewman',13040.77,'Earth','Human','StarFleet','47-epsilon-1140',6),(141,'Colton','Davis','Crewman',13071.25,'Earth','Human','StarFleet','47-epsilon-1123',6),(142,'Gary','Porter','Crewman',12978.56,'Earth','Human','StarFleet','47-epsilon-1008',6),(143,'Laura','Morrison','Crewman',13033.44,'Earth','Human','StarFleet','47-epsilon-1049',6),(144,'Ryan','Fuller','Crewman',13089.12,'Earth','Human','StarFleet','47-epsilon-1091',6),(145,'Amber','Greene','Crewman',13022.67,'Earth','Human','StarFleet','47-epsilon-1134',6),(146,'Connor','Steele','Crewman',13110.45,'Earth','Human','StarFleet','47-zeta-1082',6),(147,'Shelby','Parker','Crewman',13058.32,'Earth','Human','StarFleet','47-zeta-1124',6),(148,'Evan','Marshall','Crewman',12997.55,'Earth','Human','StarFleet','47-zeta-1001',6),(149,'Tiffany','Ross','Crewman',13011.89,'Earth','Human','StarFleet','47-zeta-1064',6),(150,'Caleb','Warren','Crewman',13044.13,'Earth','Human','StarFleet','47-zeta-1107',6),(151,'Hailey','Lambert','Crewman',13103.55,'Earth','Human','StarFleet','47-zeta-1021',6),(152,'Mitchell','Graves','Crewman',12992.88,'Earth','Human','StarFleet','47-zeta-1078',6),(153,'Riley','Arnold','Crewman',13055.21,'Earth','Human','StarFleet','47-zeta-1139',6),(154,'Chelsea','Ford','Crewman',13014.77,'Earth','Human','StarFleet','47-zeta-1015',6),(155,'Jared','Nichols','Crewman',13111.44,'Earth','Human','StarFleet','47-zeta-1084',6),(156,'Kaitlyn','Wheeler','Crewman',13066.95,'Earth','Human','StarFleet','47-zeta-1112',6),(157,'Spencer','Lawson','Crewman',12980.33,'Earth','Human','StarFleet','47-zeta-1047',6),(158,'Molly','Granger','Crewman',13025.11,'Earth','Human','StarFleet','47-zeta-1092',6),(159,'Tristan','Carter','Crewman',13047.66,'Earth','Human','StarFleet','47-zeta-1143',6),(160,'Sabrina','Page','Crewman',12999.88,'Earth','Human','StarFleet','47-zeta-1037',6),(161,'Logan','Price','Crewman',13030.55,'Earth','Human','StarFleet','47-zeta-1103',6),(162,'Emily','Vance','Crewman',13015.22,'Earth','Human','StarFleet','47-zeta-1055',6),(163,'Hunter','Norman','Crewman',13109.87,'Earth','Human','StarFleet','47-zeta-1128',6),(164,'Rachel','Becker','Crewman',13077.34,'Earth','Human','StarFleet','47-zeta-1000',6),(165,'Grant','Houston','Crewman',12986.77,'Earth','Human','StarFleet','47-zeta-1069',6),(166,'Victoria','Shaw','Crewman',13091.44,'Earth','Human','StarFleet','47-zeta-1136',6),(167,'Kyle','Foster','Crewman',13065.29,'Earth','Human','StarFleet','47-zeta-1115',6);
/*!40000 ALTER TABLE `crew` ENABLE KEYS */;
UNLOCK TABLES;

--
-- Table structure for table `departments`
--

DROP TABLE IF EXISTS `departments`;
/*!40101 SET @saved_cs_client     = @@character_set_client */;
/*!50503 SET character_set_client = utf8mb4 */;
CREATE TABLE `departments` (
  `department_id` int NOT NULL AUTO_INCREMENT,
  `department_name` varchar(50) NOT NULL,
  PRIMARY KEY (`department_id`)
) ENGINE=InnoDB AUTO_INCREMENT=7 DEFAULT CHARSET=utf8mb4 COLLATE=utf8mb4_0900_ai_ci;
/*!40101 SET character_set_client = @saved_cs_client */;

--
-- Dumping data for table `departments`
--

LOCK TABLES `departments` WRITE;
/*!40000 ALTER TABLE `departments` DISABLE KEYS */;
INSERT INTO `departments` VALUES (1,'Command'),(2,'Science'),(3,'Engineering'),(4,'Security'),(5,'Medical'),(6,'Operations');
/*!40000 ALTER TABLE `departments` ENABLE KEYS */;
UNLOCK TABLES;
/*!40103 SET TIME_ZONE=@OLD_TIME_ZONE */;

/*!40101 SET SQL_MODE=@OLD_SQL_MODE */;
/*!40014 SET FOREIGN_KEY_CHECKS=@OLD_FOREIGN_KEY_CHECKS */;
/*!40014 SET UNIQUE_CHECKS=@OLD_UNIQUE_CHECKS */;
/*!40101 SET CHARACTER_SET_CLIENT=@OLD_CHARACTER_SET_CLIENT */;
/*!40101 SET CHARACTER_SET_RESULTS=@OLD_CHARACTER_SET_RESULTS */;
/*!40101 SET COLLATION_CONNECTION=@OLD_COLLATION_CONNECTION */;
/*!40111 SET SQL_NOTES=@OLD_SQL_NOTES */;

-- Dump completed on 2025-12-11 15:22:49
