-- MySQL dump 10.13  Distrib 9.4.0, for Win64 (x86_64)
--
-- Host: localhost    Database: voyager_database
-- ------------------------------------------------------
-- Server version	9.4.0-commercial

/*!40101 SET @OLD_CHARACTER_SET_CLIENT=@@CHARACTER_SET_CLIENT */;
/*!40101 SET @OLD_CHARACTER_SET_RESULTS=@@CHARACTER_SET_RESULTS */;
/*!40101 SET @OLD_COLLATION_CONNECTION=@@COLLATION_CONNECTION */;
/*!50503 SET NAMES utf8mb4 */;
/*!40103 SET @OLD_TIME_ZONE=@@TIME_ZONE */;
/*!40103 SET TIME_ZONE='+00:00' */;
/*!40014 SET @OLD_UNIQUE_CHECKS=@@UNIQUE_CHECKS, UNIQUE_CHECKS=0 */;
/*!40014 SET @OLD_FOREIGN_KEY_CHECKS=@@FOREIGN_KEY_CHECKS, FOREIGN_KEY_CHECKS=0 */;
/*!40101 SET @OLD_SQL_MODE=@@SQL_MODE, SQL_MODE='NO_AUTO_VALUE_ON_ZERO' */;
/*!40111 SET @OLD_SQL_NOTES=@@SQL_NOTES, SQL_NOTES=0 */;

--
-- Dumping data for table `crew`
--

LOCK TABLES `crew` WRITE;
/*!40000 ALTER TABLE `crew` DISABLE KEYS */;
INSERT INTO `crew` VALUES (1,'Joe','Carey','Lieutenant JG',12514.22,'Earth','Human','StarFleet','47-alpha-1104',3),(2,'Pablo','Baytart','Crewman',23045.11,'Earth','Human','StarFleet','47-alpha-1007',3),(3,'Walter','Baxter','Ensign',13002.54,'Earth','Human','StarFleet','47-alpha-1131',4),(4,'Kurt','Bandera','Crewman',22989.31,'Earth','Human','Maquis','47-alpha-1012',3),(5,'Lilian','Andersen','Ensign',13255.99,'Earth','Human','StarFleet','47-alpha-1090',6),(6,'Freddy','Bristow','Ensign',12783.44,'Earth','Human','StarFleet','47-alpha-1024',1),(7,'Doug','Bronowsky','Crewman',12891.66,'Earth','Human','StarFleet','47-alpha-1142',2),(8,'Samantha','Brooks','Crewman',13120,'Earth','Human','StarFleet','47-alpha-1030',3),(9,'Cameron','Ashmore','Crewman',12955.23,'Earth','Human','StarFleet','47-alpha-1120',4),(10,'Tanya','Ayala','Lieutenant',12498.78,'Earth','Human','StarFleet','47-alpha-1083',5),(11,'Lucas','Bennet','Lieutenant JG',12644.9,'Earth','Human','StarFleet','47-alpha-1119',6),(12,'Harold','Biggle','Lieutenant JG',13421.47,'Earth','Human','StarFleet','47-alpha-1077',1),(13,'Marcus','Blain','Ensign',13300.12,'Earth','Human','StarFleet','47-alpha-1041',2),(14,'Lydia','Ayala','Ensign',12510,'Earth','Human','StarFleet','47-alpha-1063',3),(15,'Derek','Bristow','Ensign',12800.56,'Earth','Human','StarFleet','47-alpha-1129',4),(16,'Karen','Seska','Ensign',22675.8,'Cardassia','Cardassian','Maquis','47-alpha-1017',5),(17,'Les','Foster','Crewman',12200,'Earth','Human','StarFleet','47-alpha-1102',6),(18,'Alexander','Munro','Crewman',13110.44,'Earth','Human','StarFleet','47-alpha-1136',1),(19,'Telsia','Murphy','Crewman',13145.78,'Earth','Human','StarFleet','47-alpha-1053',2),(20,'Austin','Chang','Lieutenant',12930.55,'Earth','Human','StarFleet','47-alpha-1009',3),(21,'Kendrick','Biessman','Lieutenant JG',12844.12,'Earth','Human','StarFleet','47-alpha-1038',4),(22,'Juliet','Jurot','Crewman',13077.99,'Betazed','Betazoid','StarFleet','47-alpha-1097',2),(23,'Patricia','Bruegl','Ensign',13315.3,'Earth','Human','StarFleet','47-alpha-1013',6),(24,'Lydia','Harcharic','Ensign',13290.1,'Earth','Human','StarFleet','47-alpha-1127',1),(25,'Elena','Capurro','Ensign',13155.25,'Earth','Human','StarFleet','47-alpha-1081',2),(26,'Miguel','Hernandez','Ensign',13170.85,'Earth','Human','StarFleet','47-alpha-1035',3),(27,'Angela','Chang','Crewman',13050.47,'Earth','Human','StarFleet','47-alpha-1068',4),(28,'Sarek','Peterson','Crewman',-3425,'Vulcan','Vulcan','StarFleet','47-alpha-1145',5),(29,'Joe','Hale','Lieutenant JG',12514.22,'Earth','Human','StarFleet','47-alpha-1072',3),(30,'Lydia','Bennett','Lieutenant',12644.9,'Earth','Human','StarFleet','47-alpha-1002',1),(31,'Harold','Trask','Lieutenant JG',13421.47,'Earth','Human','StarFleet','47-beta-1056',2),(32,'Marcus','Renford','Lieutenant JG',13300.12,'Earth','Human','StarFleet','47-beta-1108',3),(33,'Diana','Brooks','Ensign',13120,'Earth','Human','StarFleet','47-beta-1022',4),(34,'Cameron','Locke','Ensign',12955.23,'Earth','Human','StarFleet','47-beta-1130',5),(35,'Tanya','Serano','Ensign',12498.78,'Earth','Human','StarFleet','47-beta-1093',6),(36,'Freddy','Mallory','Ensign',12783.44,'Earth','Human','StarFleet','47-beta-1048',1),(37,'Doug','Rydell','Crewman',12891.66,'Earth','Human','StarFleet','47-beta-1122',2),(38,'Sarek','Taren','Crewman',-3425,'Vulcan','Vulcan','StarFleet','47-beta-1100',3),(39,'Juliet','Virel','Crewman',13077.99,'Betazed','Betazoid','StarFleet','47-beta-1032',2),(40,'Samantha','Wildman','Ensign',12988.33,'Earth','Human','StarFleet','47-beta-1010',2),(41,'Les','Foster','Lieutenant JG',12200,'Earth','Human','StarFleet','47-beta-1113',6),(42,'Alexander','Munro','Lieutenant JG',13110.44,'Earth','Human','StarFleet','47-beta-1138',1),(43,'Telsia','Murphy','Ensign',13145.78,'Earth','Human','StarFleet','47-beta-1050',2),(44,'Austin','Chang','Ensign',12930.55,'Earth','Human','StarFleet','47-beta-1107',3),(45,'Vorik','Vorik','Ensign',-4250,'Vulcan','Vulcan','StarFleet','47-beta-1071',3),(46,'Jenna','Harper','Ensign',13140.75,'Earth','Human','StarFleet','47-beta-1124',5),(47,'Jeffrey','Nelson','Crewman',13115.22,'Earth','Human','StarFleet','47-beta-1141',6),(48,'Michael','Jaworski','Crewman',13095.68,'Earth','Human','StarFleet','47-beta-1040',1),(49,'Elizabeth','Laird','Crewman',13205,'Earth','Human','StarFleet','47-beta-1096',2),(50,'Andrew','Ellis','Lieutenant',13060.1,'Earth','Human','StarFleet','47-beta-1028',3),(51,'Brian','Adams','Lieutenant JG',13010.22,'Earth','Human','StarFleet','47-beta-1111',4),(52,'Rachel','Baker','Lieutenant JG',12995.1,'Earth','Human','StarFleet','47-beta-1135',5),(53,'Thomas','Carter','Ensign',13045.55,'Earth','Human','StarFleet','47-beta-1043',6),(54,'Melissa','Dunham','Ensign',13060.88,'Earth','Human','StarFleet','47-beta-1089',1),(55,'Mark','Evans','Ensign',13020.77,'Earth','Human','StarFleet','47-beta-1140',2),(56,'Susan','Fletcher','Ensign',13005.12,'Earth','Human','StarFleet','47-beta-1019',3),(57,'Kenneth','Gibson','Crewman',12980.44,'Earth','Human','StarFleet','47-beta-1060',4),(58,'Linda','Henderson','Crewman',13090.55,'Earth','Human','StarFleet','47-beta-1125',5),(59,'Jose','Ibarra','Crewman',13015.99,'Earth','Human','StarFleet','47-beta-1031',6),(60,'Tara','Jacobs','Lieutenant',13050.22,'Earth','Human','StarFleet','47-beta-1004',1),(61,'Peter','Klein','Lieutenant JG',13005.33,'Earth','Human','StarFleet','47-gamma-1086',2),(62,'Angela','Lee','Lieutenant JG',13030.44,'Earth','Human','StarFleet','47-gamma-1118',3),(63,'David','Martin','Ensign',12995.77,'Earth','Human','StarFleet','47-gamma-1057',4),(64,'Quang','Nguyen','Ensign',13040.12,'Earth','Human','StarFleet','47-gamma-1101',5),(65,'Erica','Olsen','Ensign',13025.88,'Earth','Human','StarFleet','47-gamma-1123',6),(66,'Ronald','Peters','Ensign',12990.66,'Earth','Human','StarFleet','47-gamma-1046',1),(67,'Holly','Quinn','Crewman',13015.44,'Earth','Human','StarFleet','47-gamma-1075',2),(68,'Malcolm','Rivers','Crewman',13005.99,'Earth','Human','StarFleet','47-gamma-1033',3),(69,'Joanne','Simms','Crewman',13050.11,'Earth','Human','StarFleet','47-gamma-1114',4),(70,'Eric','Thompson','Lieutenant',13020.33,'Earth','Human','StarFleet','47-gamma-1067',5),(71,'Patricia','Underwood','Lieutenant JG',13030.55,'Earth','Human','StarFleet','47-gamma-1105',6),(72,'Luis','Vargas','Lieutenant JG',13005.22,'Earth','Human','StarFleet','47-gamma-1036',1),(73,'Diana','Wallace','Ensign',12985.77,'Earth','Human','StarFleet','47-gamma-1144',2),(74,'Lian','Xiang','Ensign',13040.88,'Earth','Human','StarFleet','47-gamma-1020',3),(75,'Nathan','Young','Ensign',13025.11,'Earth','Human','StarFleet','47-gamma-1133',4),(76,'Clara','Zimmerman','Ensign',13010.44,'Earth','Human','StarFleet','47-gamma-1061',5),(77,'Jason','Andrews','Crewman',12995.22,'Earth','Human','StarFleet','47-gamma-1044',6),(78,'Lydia','Marlow','Crewman',13015.88,'Earth','Human','StarFleet','47-gamma-1095',1),(79,'Gavin','Carlson','Crewman',13040.33,'Earth','Human','StarFleet','47-gamma-1139',2),(80,'Sofia','Diaz','Lieutenant',13005.55,'Earth','Human','StarFleet','47-gamma-1016',3),(81,'Trevor','Edwards','Lieutenant JG',13020.77,'Earth','Human','StarFleet','47-gamma-1080',4),(82,'Megan','Ferguson','Lieutenant JG',13030.44,'Earth','Human','StarFleet','47-gamma-1128',5),(83,'Luis','Gonzalez','Ensign',12990.66,'Earth','Human','StarFleet','47-gamma-1051',6),(84,'Tina','Harrison','Ensign',13005.33,'Earth','Human','StarFleet','47-gamma-1103',1),(85,'Colin','Irwin','Ensign',13025.88,'Earth','Human','StarFleet','47-gamma-1018',2),(86,'Nina','Jeffers','Ensign',13010.55,'Earth','Human','StarFleet','47-gamma-1073',3),(87,'Sean','Keller','Crewman',12995.44,'Earth','Human','StarFleet','47-gamma-1143',4),(88,'Cynthia','Lewis','Crewman',13015.22,'Earth','Human','StarFleet','47-gamma-1027',5),(89,'David','Morgan','Crewman',13040.66,'Earth','Human','StarFleet','47-gamma-1099',6),(90,'Emily','Norris','Lieutenant',13005.77,'Earth','Human','StarFleet','47-gamma-1042',1),(91,'Ryan','Owens','Lieutenant JG',13020.55,'Earth','Human','StarFleet','47-delta-1106',2),(92,'Samantha','Palmer','Lieutenant JG',13030.33,'Earth','Human','StarFleet','47-delta-1003',3),(93,'Luis','Quintero','Ensign',12990.88,'Earth','Human','StarFleet','47-delta-1137',4),(94,'Catherine','Reed','Ensign',13005.44,'Earth','Human','StarFleet','47-delta-1062',5),(95,'Kevin','Stone','Ensign',13025.55,'Earth','Human','StarFleet','47-delta-1087',6),(96,'Monica','Turner','Ensign',13010.33,'Earth','Human','StarFleet','47-delta-1110',1),(97,'Antonio','Vasquez','Crewman',12995.55,'Earth','Human','StarFleet','47-delta-1034',2),(98,'Jennifer','Williams','Crewman',13015.77,'Earth','Human','StarFleet','47-delta-1121',3),(99,'Janeway','Kathryn','Crewman',14500.12,'Earth','Human','StarFleet','47-delta-1011',4),(100,'Chakotay','Chakotay','Commander',14020.55,'Earth','Human','StarFleet','47-delta-1059',1),(101,'Tuvok','Tuvok','Lieutenant Commander',13050.33,'Vulcan','Vulcan','StarFleet','47-delta-1145',4),(102,'Torres','B\'Elanna','Lieutenant JG',13210.77,'Earth','Klingon-Human Hybrid','StarFleet','47-delta-1098',1),(103,'Kim','Harry','Ensign',12995.88,'Earth','Human','StarFleet','47-delta-1052',2),(104,'Paris','Tom','Ensign',13025.44,'Earth','Human','StarFleet','47-delta-1006',3),(105,'Lyndsay','Ballard','Ensign',13245.9,'Earth','Human','StarFleet','47-delta-1085',4),(128,'Brandon','Hughes','Crewman',13044.21,'Earth','Human','StarFleet','47-epsilon-1126',6),(129,'Alyssa','Turner','Crewman',12990.55,'Earth','Human','StarFleet','47-epsilon-1039',6),(130,'Derek','Patterson','Crewman',13102.77,'Earth','Human','StarFleet','47-epsilon-1109',6),(131,'Jasmine','Coleman','Crewman',13015.33,'Earth','Human','StarFleet','47-epsilon-1066',6),(132,'Ethan','Walters','Crewman',12999.11,'Earth','Human','StarFleet','47-epsilon-1014',6),(133,'Kayla','Simmons','Crewman',13120.44,'Earth','Human','StarFleet','47-epsilon-1094',6),(134,'Trevor','Bishop','Crewman',13087.62,'Earth','Human','StarFleet','47-epsilon-1132',6),(135,'Hannah','Brooks','Crewman',13011.45,'Earth','Human','StarFleet','47-epsilon-1005',6),(136,'Shawn','Fowler','Crewman',12988.34,'Earth','Human','StarFleet','47-epsilon-1116',6),(137,'Megan','Adler','Crewman',13066.12,'Earth','Human','StarFleet','47-epsilon-1029',6),(138,'Bryce','Keller','Crewman',13155.98,'Earth','Human','StarFleet','47-epsilon-1088',6),(139,'Taylor','Reynolds','Crewman',13002.31,'Earth','Human','StarFleet','47-epsilon-1079',6),(140,'Courtney','Hayes','Crewman',13040.77,'Earth','Human','StarFleet','47-epsilon-1140',6),(141,'Colton','Davis','Crewman',13071.25,'Earth','Human','StarFleet','47-epsilon-1123',6),(142,'Gary','Porter','Crewman',12978.56,'Earth','Human','StarFleet','47-epsilon-1008',6),(143,'Laura','Morrison','Crewman',13033.44,'Earth','Human','StarFleet','47-epsilon-1049',6),(144,'Ryan','Fuller','Crewman',13089.12,'Earth','Human','StarFleet','47-epsilon-1091',6),(145,'Amber','Greene','Crewman',13022.67,'Earth','Human','StarFleet','47-epsilon-1134',6),(146,'Connor','Steele','Crewman',13110.45,'Earth','Human','StarFleet','47-zeta-1082',6),(147,'Shelby','Parker','Crewman',13058.32,'Earth','Human','StarFleet','47-zeta-1124',6),(148,'Evan','Marshall','Crewman',12997.55,'Earth','Human','StarFleet','47-zeta-1001',6),(149,'Tiffany','Ross','Crewman',13011.89,'Earth','Human','StarFleet','47-zeta-1064',6),(150,'Caleb','Warren','Crewman',13044.13,'Earth','Human','StarFleet','47-zeta-1107',6),(151,'Hailey','Lambert','Crewman',13103.55,'Earth','Human','StarFleet','47-zeta-1021',6),(152,'Mitchell','Graves','Crewman',12992.88,'Earth','Human','StarFleet','47-zeta-1078',6),(153,'Riley','Arnold','Crewman',13055.21,'Earth','Human','StarFleet','47-zeta-1139',6),(154,'Chelsea','Ford','Crewman',13014.77,'Earth','Human','StarFleet','47-zeta-1015',6),(155,'Jared','Nichols','Crewman',13111.44,'Earth','Human','StarFleet','47-zeta-1084',6),(156,'Kaitlyn','Wheeler','Crewman',13066.95,'Earth','Human','StarFleet','47-zeta-1112',6),(157,'Spencer','Lawson','Crewman',12980.33,'Earth','Human','StarFleet','47-zeta-1047',6),(158,'Molly','Granger','Crewman',13025.11,'Earth','Human','StarFleet','47-zeta-1092',6),(159,'Tristan','Carter','Crewman',13047.66,'Earth','Human','StarFleet','47-zeta-1143',6),(160,'Sabrina','Page','Crewman',12999.88,'Earth','Human','StarFleet','47-zeta-1037',6),(161,'Logan','Price','Crewman',13030.55,'Earth','Human','StarFleet','47-zeta-1103',6),(162,'Emily','Vance','Crewman',13015.22,'Earth','Human','StarFleet','47-zeta-1055',6),(163,'Hunter','Norman','Crewman',13109.87,'Earth','Human','StarFleet','47-zeta-1128',6),(164,'Rachel','Becker','Crewman',13077.34,'Earth','Human','StarFleet','47-zeta-1000',6),(165,'Grant','Houston','Crewman',12986.77,'Earth','Human','StarFleet','47-zeta-1069',6),(166,'Victoria','Shaw','Crewman',13091.44,'Earth','Human','StarFleet','47-zeta-1136',6),(167,'Kyle','Foster','Crewman',13065.29,'Earth','Human','StarFleet','47-zeta-1115',6);
/*!40000 ALTER TABLE `crew` ENABLE KEYS */;
UNLOCK TABLES;

--
-- Dumping data for table `departments`
--

LOCK TABLES `departments` WRITE;
/*!40000 ALTER TABLE `departments` DISABLE KEYS */;
INSERT INTO `departments` VALUES (1,'Command'),(2,'Science'),(3,'Engineering'),(4,'Security'),(5,'Medical'),(6,'Operations');
/*!40000 ALTER TABLE `departments` ENABLE KEYS */;
UNLOCK TABLES;

--
-- Dumping data for table `formercrew`
--

LOCK TABLES `formercrew` WRITE;
/*!40000 ALTER TABLE `formercrew` DISABLE KEYS */;
/*!40000 ALTER TABLE `formercrew` ENABLE KEYS */;
UNLOCK TABLES;

--
-- Dumping data for table `holodeckprograms`
--

LOCK TABLES `holodeckprograms` WRITE;
/*!40000 ALTER TABLE `holodeckprograms` DISABLE KEYS */;
INSERT INTO `holodeckprograms` VALUES ('HP-01','Captain Proton','HD-01','Tom Paris','Unrestricted','Sci-Fi Serial','Black-and-white 1930s-style space adventure with ray guns and evil scientists'),('HP-02','Fair Haven','HD-02','Tom Paris','Unrestricted','Historical Romance','Irish village simulation with interactive townsfolk and romantic subplots'),('HP-03','Chez Sandrine','HD-01','Tom Paris','Unrestricted','Social','Parisian café setting for casual conversation and relaxation'),('HP-04','Klingon Combat Rituals','HD-02','B\'Elanna Torres','Restricted','Combat Training','Simulated bat?leth combat and Klingon ceremonial rites'),('HP-05','Flutter Adventures','HD-01','Naomi Wildman','Unrestricted','Children\'s Fantasy','Interactive storybook world with talking animals and magical quests'),('HP-06','Janeway Lambda One','HD-02','Captain Janeway','Restricted','Private Narrative','Personal holonovel with undisclosed plot and characters'),('HP-07','Ancient Greece','HD-01','Tom Paris','Unrestricted','Historical Drama','Mythological setting with gods, temples, and epic quests'),('HP-08','Vulcan Meditation Chamber','HD-02','Tuvok','Restricted','Spiritual','Minimalist environment for Vulcan mental discipline and ritual');
/*!40000 ALTER TABLE `holodeckprograms` ENABLE KEYS */;
UNLOCK TABLES;

--
-- Dumping data for table `holodecks`
--

LOCK TABLES `holodecks` WRITE;
/*!40000 ALTER TABLE `holodecks` DISABLE KEYS */;
INSERT INTO `holodecks` VALUES ('HD-01',6,20,1,'6-020-1','Holodeck 1','Unrestricted','Standard hologrid with narrative and tactical simulation support'),('HD-02',6,20,3,'6-020-3','Holodeck 2','Unrestricted','Standard hologrid with recreational and training programs');
/*!40000 ALTER TABLE `holodecks` ENABLE KEYS */;
UNLOCK TABLES;

--
-- Dumping data for table `medicalprofile`
--

LOCK TABLES `medicalprofile` WRITE;
/*!40000 ALTER TABLE `medicalprofile` DISABLE KEYS */;
/*!40000 ALTER TABLE `medicalprofile` ENABLE KEYS */;
UNLOCK TABLES;

--
-- Dumping data for table `medicalrecords`
--

LOCK TABLES `medicalrecords` WRITE;
/*!40000 ALTER TABLE `medicalrecords` DISABLE KEYS */;
/*!40000 ALTER TABLE `medicalrecords` ENABLE KEYS */;
UNLOCK TABLES;

--
-- Dumping data for table `replicatorlog`
--

LOCK TABLES `replicatorlog` WRITE;
/*!40000 ALTER TABLE `replicatorlog` DISABLE KEYS */;
/*!40000 ALTER TABLE `replicatorlog` ENABLE KEYS */;
UNLOCK TABLES;

--
-- Dumping data for table `replicatorpatterns`
--

LOCK TABLES `replicatorpatterns` WRITE;
/*!40000 ALTER TABLE `replicatorpatterns` DISABLE KEYS */;
INSERT INTO `replicatorpatterns` VALUES (1,'Plomeek Soup','Food','Vulcan',3.25,'Traditional Vulcan breakfast soup, served hot. Mild flavor, high in protein.','SD 48315.6'),(2,'Tomato Soup - Plain','Food','Human',2.50,'Classic hot tomato soup, smooth texture, lightly seasoned.','SD 48315.6'),(3,'Tomato Soup with Rice','Food','Human',2.75,'Hearty tomato broth with soft white rice, comfort food staple.','SD 48315.6'),(4,'Tomato Soup with Vegetables','Food','Human',3.10,'Loaded with carrots, celery, and peas in a rich tomato base.','SD 48315.6'),(5,'Tomato Soup - Bolian Style','Food','Bolian',3.50,'Spicy, tangy tomato soup with fermented root garnish.','SD 48315.6'),(6,'Tomato Soup with Pasta','Food','Human',3.00,'Short pasta shells in savory tomato broth, lightly herbed.','SD 48315.6'),(7,'Tomato Soup - Creamed','Food','Human',3.25,'Smooth and creamy tomato soup with dairy blend.','SD 48315.6'),(8,'Tomato Soup - Vulcan Infusion','Food','Vulcan',3.40,'Subtly spiced tomato soup with calming herbs.','SD 48315.6'),(9,'Tomato Soup with Lentils','Food','Human',3.15,'Protein-rich lentils in a thick tomato base.','SD 48315.6'),(10,'Tomato Soup - Cold Gazpacho','Food','Human',2.80,'Chilled tomato soup with cucumber and bell pepper.','SD 48315.6'),(11,'Tomato Soup with Basil','Food','Human',2.90,'Fresh basil leaves steeped in tomato broth.','SD 48315.6'),(12,'Tomato Soup - Klingon Fire','Food','Klingon',3.75,'Fiery tomato soup with bloodroot extract and spice.','SD 48315.6'),(13,'Tomato Soup with Garlic Croutons','Food','Human',3.05,'Savory tomato soup topped with replicator-fresh croutons.','SD 48315.6'),(14,'Tomato Soup - Bajoran Style','Food','Bajoran',3.20,'Earthy tomato soup with springroot and spice blend.','SD 48315.6'),(15,'Tomato Soup with Seaweed','Food','Human',3.30,'Umami-rich tomato broth with rehydrated seaweed strips.','SD 48315.6'),(16,'Coffee - Black','Beverage','Human',1.50,'Straight black coffee, no additives. Bold, bitter, and energizing.','SD 48315.6'),(17,'Coffee - Raktajino','Beverage','Klingon',2.25,'Klingon-style coffee with a rich, spicy kick. Popular among Starfleet officers.','SD 48315.6'),(18,'Coffee - Espresso','Beverage','Human',1.75,'Concentrated shot of dark roast coffee. Intense flavor and aroma.','SD 48315.6'),(19,'Coffee - Double Espresso','Beverage','Human',2.00,'Two shots of espresso for maximum alertness.','SD 48315.6'),(20,'Coffee - Latte','Beverage','Human',2.10,'Steamed milk blended with espresso. Smooth and creamy.','SD 48315.6'),(21,'Coffee - Cappuccino','Beverage','Human',2.10,'Equal parts espresso, steamed milk, and foam. Balanced and frothy.','SD 48315.6'),(22,'Coffee - Mocha','Beverage','Human',2.30,'Chocolate-infused coffee with steamed milk and whipped topping.','SD 48315.6'),(23,'Coffee - Vanilla Latte','Beverage','Human',2.35,'Espresso with steamed milk and vanilla syrup.','SD 48315.6'),(24,'Coffee - Hazelnut Brew','Beverage','Human',2.40,'Nutty roast with hazelnut essence. Smooth and aromatic.','SD 48315.6'),(25,'Coffee - Iced Coffee','Beverage','Human',2.00,'Chilled black coffee served over ice. Refreshing and bold.','SD 48315.6'),(26,'Coffee - Cold Brew','Beverage','Human',2.10,'Slow-steeped coffee concentrate served cold. Low acidity, high flavor.','SD 48315.6'),(27,'Coffee - Decaf','Beverage','Human',1.50,'Caffeine-free black coffee. Same taste, less buzz.','SD 48315.6'),(28,'Coffee - Bajoran Spice Blend','Beverage','Bajoran',2.50,'Earth coffee infused with Bajoran springroot and aromatic spices.','SD 48315.6'),(29,'Coffee - Vulcan Herbal Roast','Beverage','Vulcan',2.45,'Mild roast blended with calming Vulcan herbs. Meditative and smooth.','SD 48315.6'),(30,'Coffee - French Roast','Beverage','Human',2.20,'Dark roasted beans with smoky, intense flavor.','SD 48315.6'),(31,'Coffee - Colombian Blend','Beverage','Human',2.15,'Medium roast with balanced acidity and nutty undertones.','SD 48315.6'),(32,'Coffee - Irish Cream','Beverage','Human',2.50,'Coffee with synthetic Irish cream flavoring. Rich and indulgent.','SD 48315.6'),(33,'Coffee - Cinnamon Swirl','Beverage','Human',2.35,'Spiced coffee with cinnamon and sweet cream.','SD 48315.6'),(34,'Coffee - Chocolate Mint','Beverage','Human',2.40,'Bold roast with chocolate and mint infusion. Refreshing and rich.','SD 48315.6'),(35,'Coffee - Trill Honey Brew','Beverage','Trill',2.60,'Earth coffee sweetened with Trill honey extract. Smooth and floral.','SD 48315.6'),(36,'Pancakes - Plain','Food','Human',2.75,'Classic fluffy pancakes served hot. Mildly sweet, perfect with syrup.','SD 48315.6'),(37,'Pancakes - Banana','Food','Human',3.00,'Golden pancakes infused with mashed banana. Soft and naturally sweet.','SD 48315.6'),(38,'Pancakes - Blueberry','Food','Human',3.10,'Pancakes with fresh blueberries folded into the batter.','SD 48315.6'),(39,'Pancakes - Chocolate Chip','Food','Human',3.20,'Sweet pancakes with semi-sweet chocolate chips.','SD 48315.6'),(40,'Pancakes - Klingon Style','Food','Klingon',3.50,'Dense, protein-rich pancakes with bloodroot flour and spice.','SD 48315.6'),(41,'Pancakes - Vegan','Food','Human',2.90,'Egg-free, dairy-free pancakes made with oat milk and flax.','SD 48315.6'),(42,'Pancakes - Cardassian Spice','Food','Cardassian',3.40,'Savory pancakes with spiced root vegetables and pepper oil.','SD 48315.6'),(43,'Pancakes - Strawberry','Food','Human',3.15,'Pancakes topped with fresh strawberries and syrup.','SD 48315.6'),(44,'Pancakes - Protein Boost','Food','Human',3.25,'High-protein pancakes with replicator whey and almond flour.','SD 48315.6'),(45,'Waffles - Plain','Food','Human',2.80,'Crispy golden waffles with soft interior. Served hot.','SD 48315.6'),(46,'Waffles - Belgian','Food','Human',3.10,'Thick, fluffy Belgian-style waffles. Ideal for toppings.','SD 48315.6'),(47,'Waffles - Banana','Food','Human',3.00,'Waffles with mashed banana blended into the batter.','SD 48315.6'),(48,'Waffles - Chocolate','Food','Human',3.20,'Rich cocoa waffles with a hint of vanilla.','SD 48315.6'),(49,'Waffles - Berry Blend','Food','Human',3.25,'Waffles topped with mixed berries and syrup.','SD 48315.6'),(50,'Waffles - Vulcan Herb Infused','Food','Vulcan',3.35,'Subtle herb-infused waffles for a calming breakfast.','SD 48315.6'),(51,'Pizza - Cheese','Food','Human',3.25,'Classic mozzarella and tomato sauce on a golden crust.','SD 48315.6'),(52,'Pizza - Pepperoni','Food','Human',3.50,'Spicy pepperoni slices over melted cheese and tangy sauce.','SD 48315.6'),(53,'Pizza - Vegetarian','Food','Human',3.40,'Topped with bell peppers, onions, mushrooms, and olives.','SD 48315.6'),(54,'Pizza - Meat Lovers','Food','Human',3.75,'Loaded with pepperoni, sausage, ham, and bacon.','SD 48315.6'),(55,'Pizza - Hawaiian','Food','Human',3.60,'Ham and pineapple over mozzarella and tomato sauce.','SD 48315.6'),(56,'Pizza - Bajoran Springroot','Food','Bajoran',3.80,'Earth-style pizza topped with Bajoran springroot and herbs.','SD 48315.6'),(57,'Pizza - Vulcan Herb Crust','Food','Vulcan',3.45,'Thin crust infused with Vulcan calming herbs, topped with vegetables.','SD 48315.6'),(58,'Pizza - Klingon Blood Sausage','Food','Klingon',4.00,'Savory crust topped with blood sausage and fire-spiced sauce.','SD 48315.6'),(59,'Pizza - Four Cheese','Food','Human',3.55,'Blend of mozzarella, cheddar, provolone, and parmesan.','SD 48315.6'),(60,'Pizza - BBQ Chicken','Food','Human',3.65,'Grilled chicken, BBQ sauce, red onions, and cilantro.','SD 48315.6'),(61,'Pizza - Mushroom & Truffle Oil','Food','Human',3.70,'Earth mushrooms with a drizzle of truffle oil on white sauce.','SD 48315.6'),(62,'Pizza - Vegan Delight','Food','Human',3.50,'Dairy-free cheese, tomato sauce, and fresh vegetables.','SD 48315.6'),(63,'Pizza - Spicy Jalapeño','Food','Human',3.45,'Mozzarella, tomato sauce, and sliced jalapeños.','SD 48315.6'),(64,'Pizza - Cardassian Root Blend','Food','Cardassian',3.85,'Earth crust topped with spicy root vegetables and pepper oil.','SD 48315.6'),(65,'Hot Dog','Food','Human',2.75,'Grilled sausage in a soft bun, served with mustard and ketchup.','SD 48315.6'),(66,'Corn Dog','Food','Human',3.00,'Sausage dipped in cornmeal batter and deep-fried. Served on a stick.','SD 48315.6'),(67,'Hamburger','Food','Human',3.25,'Grilled beef patty on a bun with lettuce, tomato, and condiments.','SD 48315.6'),(68,'Cheeseburger','Food','Human',3.40,'Hamburger topped with melted cheese.','SD 48315.6'),(69,'Bacon Cheeseburger','Food','Human',3.60,'Cheeseburger with crispy bacon strips.','SD 48315.6'),(70,'French Fries','Food','Human',2.50,'Thin-cut potatoes fried until golden and crispy.','SD 48315.6'),(71,'Steak Fries','Food','Human',2.75,'Thick-cut potato wedges, crispy outside and fluffy inside.','SD 48315.6'),(72,'Steak - Ribeye','Food','Human',4.25,'Grilled ribeye steak, seasoned and juicy.','SD 48315.6'),(73,'Steak - Sirloin','Food','Human',4.00,'Lean sirloin steak grilled to order.','SD 48315.6'),(74,'Steak - T-Bone','Food','Human',4.50,'Classic T-bone steak with rich marbling.','SD 48315.6'),(75,'Baked Potato','Food','Human',2.80,'Fluffy baked potato with butter and sour cream.','SD 48315.6'),(76,'Loaded Baked Potato','Food','Human',3.10,'Baked potato topped with cheese, bacon, and chives.','SD 48315.6'),(77,'Mashed Potatoes','Food','Human',2.60,'Creamy mashed potatoes with butter and seasoning.','SD 48315.6'),(78,'Gravy','Food','Human',1.50,'Savory brown gravy, perfect for potatoes or meat.','SD 48315.6'),(79,'Spaghetti Marinara','Food','Human',3.25,'Long pasta noodles in a rich tomato and herb sauce.','SD 48315.6'),(80,'Spaghetti Bolognese','Food','Human',3.50,'Spaghetti with savory meat sauce made from beef and tomato.','SD 48315.6'),(81,'Fettuccine Alfredo','Food','Human',3.40,'Flat pasta ribbons in creamy parmesan and butter sauce.','SD 48315.6'),(82,'Lasagna','Food','Human',3.75,'Layered pasta with meat, ricotta, tomato sauce, and melted cheese.','SD 48315.6'),(83,'Ravioli - Cheese','Food','Human',3.60,'Stuffed pasta pillows filled with ricotta and herbs.','SD 48315.6'),(84,'Ravioli - Spinach & Ricotta','Food','Human',3.65,'Green pasta filled with spinach and creamy ricotta.','SD 48315.6'),(85,'Penne Arrabbiata','Food','Human',3.30,'Tube-shaped pasta in spicy tomato and garlic sauce.','SD 48315.6'),(86,'Gnocchi','Food','Human',3.20,'Soft potato dumplings served with tomato or pesto sauce.','SD 48315.6'),(87,'Risotto - Mushroom','Food','Human',3.45,'Creamy Arborio rice with sautéed mushrooms and parmesan.','SD 48315.6'),(88,'Risotto - Seafood','Food','Human',3.75,'Risotto with shrimp, squid, and white wine reduction.','SD 48315.6'),(89,'Pizza - Margherita','Food','Human',3.35,'Tomato, mozzarella, and fresh basil on thin crust.','SD 48315.6'),(90,'Eggplant Parmesan','Food','Human',3.50,'Breaded eggplant slices baked with tomato sauce and cheese.','SD 48315.6'),(91,'Chicken Parmesan','Food','Human',3.60,'Breaded chicken breast topped with tomato sauce and mozzarella.','SD 48315.6'),(92,'Tortellini - Meat','Food','Human',3.55,'Ring-shaped pasta filled with seasoned meat.','SD 48315.6'),(93,'Tortellini - Cheese','Food','Human',3.50,'Stuffed pasta rings with creamy cheese filling.','SD 48315.6'),(94,'Scrambled Eggs','Food','Human',2.50,'Fluffy scrambled eggs, lightly seasoned and served hot.','SD 48315.6'),(95,'Fried Eggs','Food','Human',2.50,'Sunny-side-up eggs with crisp edges and runny yolk.','SD 48315.6'),(96,'Omelette - Cheese','Food','Human',3.00,'Folded egg omelette filled with melted cheese.','SD 48315.6'),(97,'Omelette - Veggie','Food','Human',3.10,'Egg omelette with peppers, onions, mushrooms, and spinach.','SD 48315.6'),(98,'Omelette - Klingon Style','Food','Klingon',3.50,'Spiced egg omelette with bloodroot and fire pepper flakes.','SD 48315.6'),(99,'Breakfast Sausage','Food','Human',2.75,'Grilled pork sausage links with savory seasoning.','SD 48315.6'),(100,'Bacon - Crispy','Food','Human',2.80,'Crispy strips of smoked bacon.','SD 48315.6'),(101,'Bacon - Replicator Vegan','Food','Human',2.90,'Plant-based bacon substitute with smoky flavor.','SD 48315.6'),(102,'Hash Browns','Food','Human',2.60,'Golden shredded potatoes fried to a crisp.','SD 48315.6'),(103,'Breakfast Burrito','Food','Human',3.25,'Scrambled eggs, cheese, and sausage wrapped in a tortilla.','SD 48315.6'),(104,'Tofu Scramble','Food','Human',2.85,'Seasoned tofu crumbles with vegetables, vegan alternative to eggs.','SD 48315.6'),(105,'Breakfast Sandwich','Food','Human',3.10,'Egg, cheese, and sausage on a toasted English muffin.','SD 48315.6'),(106,'Bagel with Cream Cheese','Food','Human',2.75,'Toasted bagel with smooth cream cheese spread.','SD 48315.6'),(107,'Cereal - Corn Flakes','Food','Human',2.40,'Classic corn cereal served with replicator milk.','SD 48315.6'),(108,'Cereal - Bajoran Grain Blend','Food','Bajoran',2.60,'Nutritious grain cereal with springroot flakes.','SD 48315.6'),(109,'Toast - White','Food','Human',2.00,'Toasted white bread slices, served with butter or jam.','SD 48315.6'),(110,'Toast - Whole Grain','Food','Human',2.10,'Toasted whole grain bread, rich in fiber.','SD 48315.6'),(111,'Fruit Bowl','Food','Human',2.50,'Assorted fresh fruits including melon, berries, and grapes.','SD 48315.6'),(112,'Yogurt - Plain','Food','Human',2.60,'Creamy plain yogurt, probiotic-rich.','SD 48315.6'),(113,'Yogurt - Berry Blend','Food','Human',2.75,'Yogurt with mixed berries and light sweetener.','SD 48315.6'),(114,'Betazoid Lavender Tea','Beverage','Betazoid',2.60,'Floral tea with calming properties, served warm.','SD 48315.6'),(115,'Hasperat','Food','Bajoran',3.40,'Spicy Bajoran wrap made with pickled vegetables and springroot.','SD 48315.6'),(116,'Jumja Stick','Snack','Bajoran',2.10,'Sweet, chewy treat made from Jumja tree sap.','SD 48315.6'),(117,'Betazoid Spiced Tea','Beverage','Betazoid',2.50,'Aromatic herbal tea with calming properties.','SD 48315.6'),(118,'Trill Grain Bowl','Food','Trill',3.20,'Nutritious blend of grains, legumes, and root vegetables.','SD 48315.6'),(119,'Bolian Spiced Stew','Food','Bolian',3.60,'Hearty stew with fermented roots and tangy broth.','SD 48315.6'),(120,'Earth Omelette','Food','Human',3.00,'Egg omelette with cheese and vegetables.','SD 48315.6'),(121,'Bajoran Fruit Compote','Food','Bajoran',2.80,'Stewed fruits in springroot syrup.','SD 48315.6'),(122,'Vulcan Lentil Loaf','Food','Vulcan',3.35,'Savory loaf made from lentils and herbs, served warm.','SD 48315.6'),(123,'Trill Honey Cakes','Dessert','Trill',2.90,'Sweet cakes infused with Trill honey extract.','SD 48315.6'),(124,'Bolian Root Chips','Snack','Bolian',2.50,'Crispy slices of fermented root vegetables.','SD 48315.6'),(125,'Earth Chicken Salad','Food','Human',3.10,'Grilled chicken with greens, tomatoes, and vinaigrette.','SD 48315.6'),(126,'Bajoran Springroot Stir-Fry','Food','Bajoran',3.45,'Sautéed vegetables with springroot and spices.','SD 48315.6'),(127,'Vulcan Herbal Broth','Food','Vulcan',3.00,'Light broth infused with Vulcan calming herbs.','SD 48315.6'),(128,'Betazoid Berry Tart','Dessert','Betazoid',3.20,'Pastry filled with sweet berries and floral glaze.','SD 48315.6'),(129,'Earth Roast Beef Sandwich','Food','Human',3.30,'Sliced roast beef on rye with mustard and lettuce.','SD 48315.6'),(130,'Trill Spiced Porridge','Food','Trill',2.95,'Warm porridge with cinnamon and dried fruit.','SD 48315.6'),(131,'Bolian Pickled Medley','Food','Bolian',2.85,'Assorted pickled vegetables in tangy brine.','SD 48315.6'),(132,'Earth Apple Pie','Dessert','Human',3.25,'Classic pie with spiced apples and flaky crust.','SD 48315.6'),(133,'Bajoran Grain Flatbread','Food','Bajoran',2.90,'Flatbread made from native grains and herbs.','SD 48315.6'),(134,'Vulcan Spiced Mushrooms','Food','Vulcan',3.15,'Sautéed mushrooms with subtle Vulcan spices.','SD 48315.6'),(135,'Betazoid Citrus Salad','Food','Betazoid',3.05,'Fresh citrus segments with mint and floral dressing.','SD 48315.6'),(136,'Earth Macaroni & Cheese','Food','Human',3.10,'Elbow pasta in creamy cheese sauce.','SD 48315.6'),(137,'Trill Root Stew','Food','Trill',3.30,'Slow-cooked root vegetables in savory broth.','SD 48315.6'),(138,'Bolian Breakfast Hash','Food','Bolian',3.20,'Diced vegetables and protein cubes sautéed with spice.','SD 48315.6'),(139,'Earth Pancakes','Food','Human',2.75,'Fluffy pancakes served with syrup.','SD 48315.6'),(140,'Bajoran Spiced Rice','Food','Bajoran',3.00,'Steamed rice with springroot and pepper blend.','SD 48315.6'),(141,'Vulcan Nut Cakes','Dessert','Vulcan',3.10,'Dense cakes made with ground nuts and herbs.','SD 48315.6'),(142,'Betazoid Lavender Tea','Beverage','Betazoid',2.60,'Floral tea with calming properties, served warm.','SD 48315.6');
/*!40000 ALTER TABLE `replicatorpatterns` ENABLE KEYS */;
UNLOCK TABLES;

--
-- Dumping data for table `replicatorunits`
--

LOCK TABLES `replicatorunits` WRITE;
/*!40000 ALTER TABLE `replicatorunits` DISABLE KEYS */;
INSERT INTO `replicatorunits` VALUES ('R-01-BR','Food','Crew Only','1-070-2'),('R-01-CQ','Multi-Function','Unrestricted','1-030-2'),('R-01-CRR','Food','Restricted','1-020-1'),('R-01-SO','Tool','Restricted','1-060-3'),('R-02-CL','Food','Crew Only','2-040-1'),('R-02-GQ1','Food','Guest','2-030-2'),('R-02-GQ2','Food','Guest','2-030-4'),('R-02-MH1','Food','Crew Only','2-020-1'),('R-02-MH2','Food','Crew Only','2-020-3'),('R-03-PQ1','Food','Crew Only','3-040-1'),('R-03-PQ2','Food','Crew Only','3-040-3'),('R-03-PQ3','Food','Crew Only','3-050-2'),('R-03-PQ4','Food','Crew Only','3-050-4'),('R-03-SO1','Multi-Function','Unrestricted','3-020-1'),('R-03-SO2','Multi-Function','Unrestricted','3-020-3'),('R-03-SO3','Multi-Function','Unrestricted','3-030-2'),('R-03-SO4','Multi-Function','Unrestricted','3-030-4'),('R-04-COR','Food','Crew Only','4-050-0'),('R-04-EQA','Food','Crew Only','4-030-2'),('R-04-EQB','Food','Crew Only','4-030-4'),('R-04-EQC','Food','Crew Only','4-040-1'),('R-04-EQD','Food','Crew Only','4-040-3'),('R-04-JOA','Food','Crew Only','4-020-1'),('R-04-JOB','Food','Crew Only','4-020-3'),('R-05-EQE','Food','Crew Only','5-040-1'),('R-05-EQF','Food','Crew Only','5-040-3'),('R-05-EQG','Food','Crew Only','5-050-2'),('R-05-EQH','Food','Crew Only','5-050-4'),('R-05-MLA','Tool','Restricted','5-030-2'),('R-05-MLB','Tool','Restricted','5-030-4'),('R-05-SB','Medical','Restricted','5-020-1'),('R-06-CL','Food','Crew Only','6-030-2'),('R-07-JQA','Food','Crew Only','7-030-2'),('R-07-JQB','Food','Crew Only','7-030-4'),('R-07-JQC','Food','Crew Only','7-040-1'),('R-07-JQD','Food','Crew Only','7-040-3'),('R-07-SLA','Tool','Restricted','7-020-1'),('R-07-SLB','Tool','Restricted','7-020-3'),('R-08-AM','Tool','Restricted','8-020-1'),('R-08-SLC','Tool','Restricted','8-030-2'),('R-08-SLD','Tool','Restricted','8-030-4'),('R-09-EPR','Tool','Restricted','9-040-1'),('R-09-MA','Tool','Restricted','9-020-1'),('R-09-MB','Tool','Restricted','9-020-3'),('R-10-EC','Tool','Restricted','10-020-1'),('R-10-PSA','Tool','Restricted','10-040-1'),('R-10-PSB','Tool','Restricted','10-040-3'),('R-11-ASN','Tool','Restricted','11-030-4'),('R-11-SC','Tool','Restricted','11-020-1'),('R-11-SPR','Tool','Restricted','11-030-2'),('R-12-CB1','Tool','Restricted','12-020-1'),('R-12-CB2','Tool','Restricted','12-020-3'),('R-12-ENV1','Tool','Restricted','12-030-2'),('R-12-ENV2','Tool','Restricted','12-030-4'),('R-13-ESA','Tool','Restricted','13-030-2'),('R-13-ESB','Tool','Restricted','13-030-4'),('R-13-SAA','Tool','Restricted','13-040-1'),('R-13-SAB','Tool','Restricted','13-040-3'),('R-14-ENVBA','Tool','Restricted','14-030-2'),('R-14-ENVBB','Tool','Restricted','14-030-4'),('R-14-SGA','Tool','Restricted','14-020-1'),('R-14-SGB','Tool','Restricted','14-020-3'),('R-14-SRA','Tool','Restricted','14-040-1'),('R-14-SRB','Tool','Restricted','14-040-3'),('R-15-CRA','Tool','Restricted','15-040-1'),('R-15-SA1','Tool','Restricted','15-020-1'),('R-15-SA2','Tool','Restricted','15-020-3'),('R-15-TS1','Tool','Restricted','15-030-2'),('R-15-TS2','Tool','Restricted','15-030-4'),('R-16-EEC1','Tool','Restricted','16-030-2'),('R-16-EEC2','Tool','Restricted','16-030-4'),('R-16-SBA','Tool','Restricted','16-020-1'),('R-16-SBB','Tool','Restricted','16-020-3'),('R-17-APC','Tool','Restricted','17-040-1'),('R-17-LSA','Tool','Restricted','17-030-2'),('R-17-LSB','Tool','Restricted','17-030-4'),('R-17-SPA','Tool','Restricted','17-020-1'),('R-17-SPB','Tool','Restricted','17-020-3');
/*!40000 ALTER TABLE `replicatorunits` ENABLE KEYS */;
UNLOCK TABLES;

--
-- Dumping data for table `shipcompartments`
--

LOCK TABLES `shipcompartments` WRITE;
/*!40000 ALTER TABLE `shipcompartments` DISABLE KEYS */;
INSERT INTO `shipcompartments` VALUES ('1-001-0','Bridge','Bridge'),('1-020-1','Captain\'s Ready Room','Command Office'),('1-030-2','Captain\'s Quarters','Capt Quarters'),('1-040-1','Turbolift Access','Transit Node'),('1-050-0','Main Corridor','Passageway'),('1-060-3','Security Office','Security'),('1-070-2','Briefing Room','Command Support'),('1-080-1','Observation Alcove','Recreation'),('1-090-0','Data Core Access','Systems Node'),('10-010-0','Main Corridor','Passageway'),('10-020-1','Engineering Core','Engineering'),('10-030-2','Jefferies Tube Access A','Maintenance'),('10-030-4','Jefferies Tube Access B','Maintenance'),('10-040-1','Power Systems Node A','Systems'),('10-040-3','Power Systems Node B','Systems'),('10-050-0','Turbolift Access','Transit Node'),('11-010-0','Main Corridor','Passageway'),('11-020-1','Shuttlebay Control','Shuttlebay'),('11-030-0','Main Shuttle Bay','Landing/Launch Bay'),('11-030-2','Shuttlebay Prep Room','Field Gear'),('11-030-4','Auxiliary Systems Node','Systems'),('11-040-1','Storage Compartment C','Utility'),('11-050-0','Turbolift Access','Transit Node'),('12-010-0','Main Corridor','Passageway'),('12-020-1','Cargo Bay 1','Cargo Bay'),('12-020-3','Cargo Bay 2','Cargo Bay'),('12-030-2','Environmental Control Node A','Systems'),('12-030-4','Environmental Control Node B','Systems'),('12-040-1','Heavy Storage A','Utility'),('12-040-3','Heavy Storage B','Utility'),('12-050-0','Turbolift Access','Transit Node'),('13-010-0','Main Corridor','Passageway'),('13-020-1','Jefferies Tube Access C','Maintenance'),('13-020-3','Jefferies Tube Access D','Maintenance'),('13-030-2','Emergency Systems Node A','Systems'),('13-030-4','Emergency Systems Node B','Systems'),('13-040-1','Structural Access Node A','Engineering Support'),('13-040-3','Structural Access Node B','Engineering Support'),('13-050-0','Turbolift Access','Transit Node'),('14-010-0','Main Corridor','Passageway'),('14-020-1','Shield Grid Access A','Systems'),('14-020-3','Shield Grid Access B','Systems'),('14-030-2','Environmental Backup Node A','Systems'),('14-030-4','Environmental Backup Node B','Systems'),('14-040-1','Structural Reinforcement Node A','Engineering Support'),('14-040-3','Structural Reinforcement Node B','Engineering Support'),('14-050-0','Turbolift Access','Transit Node'),('15-010-0','Main Corridor','Passageway'),('15-020-1','Sensor Array Node A','Systems'),('15-020-3','Sensor Array Node B','Systems'),('15-030-2','Tactical Systems Node A','Tactical'),('15-030-4','Tactical Systems Node B','Tactical'),('15-040-1','Communications Relay Access','Systems'),('15-050-0','Turbolift Access','Transit Node'),('16-010-0','Main Corridor','Passageway'),('16-020-1','Structural Base Node A','Engineering Support'),('16-020-3','Structural Base Node B','Engineering Support'),('16-030-2','Emergency Ejection Control A','Emergency Systems'),('16-030-4','Emergency Ejection Control B','Emergency Systems'),('16-040-1','Hull Access Port A','Maintenance'),('16-040-3','Hull Access Port B','Maintenance'),('16-050-0','Turbolift Access','Transit Node'),('17-010-0','Maintenance Crawlway','Passageway'),('17-020-1','Sensor Pylon Node A','Systems'),('17-020-3','Sensor Pylon Node B','Systems'),('17-030-2','Landing Strut Control A','Engineering Support'),('17-030-4','Landing Strut Control B','Engineering Support'),('17-040-1','Auxiliary Power Conduit Access','Systems'),('17-050-0','Turbolift Maintenance Hatch','Transit Node'),('2-010-0','Main Corridor','Passageway'),('2-020-1','Mess Hall','Mess Decks'),('2-020-3','Mess Hall Extension','Mess Decks'),('2-030-2','Guest Quarters 1','Guest Quarters'),('2-030-4','Guest Quarters 2','Guest Quarters'),('2-040-1','Crew Lounge','Recreation'),('2-050-0','Turbolift Access','Transit Node'),('2-060-2','Storage Alcove','Utility'),('3-010-0','Main Corridor','Passageway'),('3-020-1','Senior Officer Quarters 1','Senior Quarters'),('3-020-3','Senior Officer Quarters 2','Senior Quarters'),('3-030-2','Senior Officer Quarters 3','Senior Quarters'),('3-030-4','Senior Officer Quarters 4','Senior Quarters'),('3-040-1','Private Quarters 1','Crew Quarters'),('3-040-3','Private Quarters 2','Crew Quarters'),('3-050-2','Private Quarters 3','Crew Quarters'),('3-050-4','Private Quarters 4','Crew Quarters'),('3-060-0','Turbolift Access','Transit Node'),('4-010-0','Main Corridor','Passageway'),('4-020-1','Junior Officer Quarters A','Junior Quarters'),('4-020-3','Junior Officer Quarters B','Junior Quarters'),('4-030-2','Enlisted Quarters A','Enlisted Quarters'),('4-030-4','Enlisted Quarters B','Enlisted Quarters'),('4-040-1','Enlisted Quarters C','Enlisted Quarters'),('4-040-3','Enlisted Quarters D','Enlisted Quarters'),('4-050-0','Corridor Replicator Node','Utility'),('4-050-1','Transporter Room 1','Transporter'),('4-050-2','Transporter Room 2','Transporter'),('4-060-2','Turbolift Access','Transit Node'),('5-010-0','Main Corridor','Passageway'),('5-020-1','Sickbay','Medical'),('5-030-2','Medical Lab A','Medical'),('5-030-4','Medical Lab B','Medical'),('5-040-1','Enlisted Quarters E','Enlisted Quarters'),('5-040-3','Enlisted Quarters F','Enlisted Quarters'),('5-050-2','Enlisted Quarters G','Enlisted Quarters'),('5-050-4','Enlisted Quarters H','Enlisted Quarters'),('5-060-0','Turbolift Access','Transit Node'),('6-010-0','Main Corridor','Passageway'),('6-020-1','Holodeck 1','Hologrid'),('6-020-3','Holodeck 2','Hologrid'),('6-030-2','Crew Lounge','Recreation'),('6-040-1','Observation Alcove','Recreation'),('6-050-0','Turbolift Access','Transit Node'),('7-010-0','Main Corridor','Passageway'),('7-020-1','Science Lab A','Science'),('7-020-3','Science Lab B','Science'),('7-030-2','Junior Crew Quarters A','Junior Quarters'),('7-030-4','Junior Crew Quarters B','Junior Quarters'),('7-040-1','Junior Crew Quarters C','Junior Quarters'),('7-040-3','Junior Crew Quarters D','Junior Quarters'),('7-050-0','Turbolift Access','Transit Node'),('8-010-0','Main Corridor','Passageway'),('8-020-1','Astrometrics Lab','Science'),('8-030-2','Science Lab C','Science'),('8-030-4','Science Lab D','Science'),('8-040-1','Data Systems Node','Systems'),('8-050-0','Turbolift Access','Transit Node'),('9-010-0','Main Corridor','Passageway'),('9-020-1','Maintenance Bay A','Engineering Support'),('9-020-3','Maintenance Bay B','Engineering Support'),('9-030-2','Storage Compartment A','Utility'),('9-030-4','Storage Compartment B','Utility'),('9-040-1','Engineering Prep Room','Engineering Support'),('9-050-0','Turbolift Access','Transit Node');
/*!40000 ALTER TABLE `shipcompartments` ENABLE KEYS */;
UNLOCK TABLES;

--
-- Dumping data for table `shuttles`
--

LOCK TABLES `shuttles` WRITE;
/*!40000 ALTER TABLE `shuttles` DISABLE KEYS */;
/*!40000 ALTER TABLE `shuttles` ENABLE KEYS */;
UNLOCK TABLES;

--
-- Dumping data for table `transportableentity`
--

LOCK TABLES `transportableentity` WRITE;
/*!40000 ALTER TABLE `transportableentity` DISABLE KEYS */;
INSERT INTO `transportableentity` VALUES ('1','Crew','Captain Kathryn Janeway'),('1001','Property','Captain Janeway?s luggage'),('2001','Cargo','Emergency rations for long-range deployment'),('2002','Cargo','Engineering diagnostic kit for warp core calibration');
/*!40000 ALTER TABLE `transportableentity` ENABLE KEYS */;
UNLOCK TABLES;

--
-- Dumping data for table `transporterlog`
--

LOCK TABLES `transporterlog` WRITE;
/*!40000 ALTER TABLE `transporterlog` DISABLE KEYS */;
INSERT INTO `transporterlog` VALUES (10,'T-01','1001',NULL,'48153.42','Inbound','4-050-1',NULL),(11,'T-01','2001',NULL,'48153.42','Inbound','4-050-1',NULL),(12,'T-01','2002',NULL,'48153.42','Inbound','4-050-1',NULL);
/*!40000 ALTER TABLE `transporterlog` ENABLE KEYS */;
UNLOCK TABLES;

--
-- Dumping data for table `transporterunits`
--

LOCK TABLES `transporterunits` WRITE;
/*!40000 ALTER TABLE `transporterunits` DISABLE KEYS */;
INSERT INTO `transporterunits` VALUES ('T-01','4-050-1'),('T-02','4-050-2');
/*!40000 ALTER TABLE `transporterunits` ENABLE KEYS */;
UNLOCK TABLES;
/*!40103 SET TIME_ZONE=@OLD_TIME_ZONE */;

/*!40101 SET SQL_MODE=@OLD_SQL_MODE */;
/*!40014 SET FOREIGN_KEY_CHECKS=@OLD_FOREIGN_KEY_CHECKS */;
/*!40014 SET UNIQUE_CHECKS=@OLD_UNIQUE_CHECKS */;
/*!40101 SET CHARACTER_SET_CLIENT=@OLD_CHARACTER_SET_CLIENT */;
/*!40101 SET CHARACTER_SET_RESULTS=@OLD_CHARACTER_SET_RESULTS */;
/*!40101 SET COLLATION_CONNECTION=@OLD_COLLATION_CONNECTION */;
/*!40111 SET SQL_NOTES=@OLD_SQL_NOTES */;

-- Dump completed on 2025-11-29 15:16:45
